prefix,container
ACCU,ACCU2049640
AMFU,AMFU5008749
APMU,APMU8045653
APMU,APMU4583898
AXIU,AXIU1623969
BEAU,BEAU5682997
BEAU,BEAU5898970
BEAU,BEAU5101650
BEAU,BEAU6371752
BEAU,BEAU6378042
BEAU,BEAU5898142
BEAU,BEAU6372846
BMOU,BMOU2105532
BMOU,BMOU2256312
BMOU,BMOU2212891
BMOU,BMOU4837960
BMOU,BMOU2274996
BMOU,BMOU2821265
BSIU,BSIU2393476
BSIU,BSIU2156670
BSIU,BSIU8056894
BSIU,BSIU2031271
BSIU,BSIU9627200
BSIU,BSIU8157117
BSIU,BSIU8152054
CAAU,CAAU6103638
CAAU,CAAU6074524
CAAU,CAAU6269790
CAAU,CAAU5470808
CAAU,CAAU6096375
CAAU,CAAU6511250
CAAU,CAAU6514813
CAAU,CAAU6531127
CAAU,CAAU6531493
CAAU,CAAU5198752
CAIU,CAIU6170752
CAIU,CAIU6293844
CAIU,CAIU8293611
CAIU,CAIU6287435
CAIU,CAIU2458843
CAIU,CAIU2395431
CAIU,CAIU7215450
CAIU,CAIU4901436
CAIU,CAIU8308033
CAIU,CAIU8481028
CAXU,CAXU9038844
CAXU,CAXU3291238
CAXU,CAXU6621170
CCLU,CCLU6751910
CLHU,CLHU3563036
CLHU,CLHU3876072
CNIU,CNIU2160347
CRSU,CRSU9146266
DAYU,DAYU2151154
DAYU,DAYU6123850
FCIU,FCIU9080178
FCIU,FCIU4261682
FCIU,FCIU9189467
FCIU,FCIU9017832
FFAU,FFAU2345998
FSCU,FSCU5717797
FSNU,FSNU2609766
GATU,GATU0453264
GATU,GATU8642808
GATU,GATU0353136
GCXU,GCXU5545393
GCXU,GCXU5736701
GCXU,GCXU5736722
GCXU,GCXU5727865
GCXU,GCXU5740492
GCXU,GCXU5730046
GCXU,GCXU5730750
GCXU,GCXU5735372
GCXU,GCXU5739927
GCXU,GCXU5783010
GESU,GESU3929874
GESU,GESU6012750
GESU,GESU5157609
GESU,GESU5209791
GESU,GESU5939125
GESU,GESU3305332
GESU,GESU3563785
GESU,GESU6011516
GESU,GESU3407910
GESU,GESU6003589
GLDU,GLDU0617462
GLDU,GLDU5583370
GLDU,GLDU5579431
GLDU,GLDU5576900
HASU,HASU1070631
HASU,HASU1458400
HASU,HASU4106050
HASU,HASU1213100
HASU,HASU1569364
HASU,HASU1437347
HASU,HASU1334009
HASU,HASU1552248
HASU,HASU1435339
HASU,HASU1267195
INKU,INKU6275692
INKU,INKU6341562
IPXU,IPXU3035865
KOCU,KOCU4580027
MAEU,MAEU4726827
MAEU,MAEU4064593
MAEU,MAEU4093884
MAEU,MAEU4127710
MAEU,MAEU4128105
MAEU,MAEU4132194
MAEU,MAEU4140142
MAEU,MAEU4145843
MAEU,MAEU4166430
MAEU,MAEU4183817
MAGU,MAGU5426360
MAGU,MAGU5610398
MAGU,MAGU2416120
MIEU,MIEU0004930
MIEU,MIEU3074037
MIEU,MIEU3079656
MIEU,MIEU3075692
MIEU,MIEU0056066
MIEU,MIEU3044120
MIEU,MIEU0030884
MIEU,MIEU0018195
MIEU,MIEU3010963
MIEU,MIEU0054654
MMAU,MMAU1227800
MMAU,MMAU1062300
MNBU,MNBU0205806
MNBU,MNBU0212554
MNBU,MNBU0318340
MNBU,MNBU3509103
MNBU,MNBU4242156
MNBU,MNBU0532898
MNBU,MNBU0651963
MNBU,MNBU3417732
MNBU,MNBU4076137
MNBU,MNBU9161777
MRKU,MRKU3024627
MRKU,MRKU3353860
MRKU,MRKU3667897
MRKU,MRKU9089610
MRKU,MRKU7152056
MRKU,MRKU7476754
MRKU,MRKU8134099
MRKU,MRKU9274449
MRKU,MRKU9344398
MRKU,MRKU9125337
MRSU,MRSU0129669
MRSU,MRSU3517061
MRSU,MRSU4051018
MRSU,MRSU0039673
MRSU,MRSU0177245
MRSU,MRSU3626782
MRSU,MRSU0272406
MRSU,MRSU0116173
MRSU,MRSU0015521
MRSU,MRSU0217203
MSKU,MSKU7363220
MSKU,MSKU7096709
MSKU,MSKU7298248
MSKU,MSKU2704283
MSKU,MSKU2942851
MSKU,MSKU3872065
MSKU,MSKU5856757
MSKU,MSKU3380810
MSKU,MSKU0654270
MSKU,MSKU4452030
MSWU,MSWU0066215
MSWU,MSWU1000130
MSWU,MSWU9074823
MSWU,MSWU1021745
MSWU,MSWU0038527
MSWU,MSWU9080390
MSWU,MSWU0019888
MVIU,MVIU0026459
MVIU,MVIU0022833
MVIU,MVIU2004973
MWCU,MWCU6760752
MWCU,MWCU6818957
OOLU,OOLU7419167
PCIU,PCIU3021178
PCIU,PCIU2084090
PCIU,PCIU2506410
PCIU,PCIU2532065
PCIU,PCIU2621584
PCIU,PCIU2633564
PONU,PONU2971973
PONU,PONU0569559
PONU,PONU0518145
PONU,PONU0214034
PONU,PONU0356276
PONU,PONU0313248
PONU,PONU0021858
PONU,PONU2097071
PONU,PONU0528210
PONU,PONU0360358
SEGU,SEGU8587444
SEKU,SEKU4626172
SEKU,SEKU4685025
SEKU,SEKU4475646
SEKU,SEKU4440070
SEKU,SEKU4690079
SEKU,SEKU4440001
SGRU,SGRU2119504
SJKU,SJKU5402427
SJKU,SJKU5403070
SNBU,SNBU2186300
SNBU,SNBU2188072
SNBU,SNBU2189037
SNBU,SNBU2192920
SNBU,SNBU2196191
SNBU,SNBU2201019
SUDU,SUDU4872417
SUDU,SUDU5170035
SUDU,SUDU6272957
SUDU,SUDU6062689
SUDU,SUDU6022480
SUDU,SUDU6061717
SUDU,SUDU8111210
SUDU,SUDU6193230
SUDU,SUDU9300522
SUDU,SUDU6180660
TCKU,TCKU6862277
TCKU,TCKU1201187
TCKU,TCKU1442374
TCKU,TCKU1648473
TCKU,TCKU1098459
TCKU,TCKU1745832
TCKU,TCKU2599141
TCKU,TCKU6509608
TCKU,TCKU1022730
TCKU,TCKU7989883
TCLU,TCLU7102609
TCLU,TCLU2939470
TCLU,TCLU3480489
TCLU,TCLU9918612
TCLU,TCLU2377239
TCLU,TCLU1437842
TCLU,TCLU2415473
TCLU,TCLU0717073
TCLU,TCLU2449848
TCLU,TCLU2495340
TCNU,TCNU7668532
TCNU,TCNU7383972
TCNU,TCNU6218715
TCNU,TCNU1127818
TCNU,TCNU5590862
TCNU,TCNU6452209
TCNU,TCNU7339856
TCNU,TCNU9366995
TCNU,TCNU3527475
TCNU,TCNU2562954
TEMU,TEMU0597801
TEMU,TEMU1066625
TEMU,TEMU5616695
TEMU,TEMU3528548
TEMU,TEMU7486440
TEMU,TEMU6459796
TEMU,TEMU8108872
TEMU,TEMU0806291
TEMU,TEMU7350731
TEMU,TEMU6351230
TGBU,TGBU9352184
TGBU,TGBU5365645
TGBU,TGBU6645635
TGBU,TGBU5247196
TGBU,TGBU6841010
TGBU,TGBU9351589
TGBU,TGBU5257532
TGBU,TGBU6829210
TGBU,TGBU6679548
TGBU,TGBU5365012
TGHU,TGHU1670067
TGHU,TGHU3335010
TGHU,TGHU1575630
TGHU,TGHU1750331
TGHU,TGHU1769234
TGHU,TGHU0080549
TGHU,TGHU1483826
TGHU,TGHU8077520
TGHU,TGHU2784090
TGHU,TGHU2913095
TLLU,TLLU2227345
TLLU,TLLU5899066
TLLU,TLLU2298420
TLLU,TLLU2431066
TLLU,TLLU5912698
TLLU,TLLU2295870
TLLU,TLLU6846604
TLLU,TLLU5395384
TLLU,TLLU4712294
TLLU,TLLU5869539
TRHU,TRHU2113216
TRHU,TRHU4835820
TRHU,TRHU4761286
TRHU,TRHU4391366
TRHU,TRHU6918395
TRHU,TRHU4128318
TRHU,TRHU4394299
TRHU,TRHU6306954
TRHU,TRHU4806966
TRHU,TRHU4123790
TRLU,TRLU9110156
TRLU,TRLU6941937
TRLU,TRLU8127452
TRLU,TRLU7617753
TRLU,TRLU7535001
TRLU,TRLU7179934
TRLU,TRLU6984501
TTNU,TTNU1120821
TTNU,TTNU1076349
TTNU,TTNU5729605
TTNU,TTNU1147139
TTNU,TTNU1280033
TTNU,TTNU1291296
TTNU,TTNU1019020
TXGU,TXGU5261495
UESU,UESU4534234
UETU,UETU5470610
UETU,UETU5407789
UETU,UETU5485143
UETU,UETU5030680
UETU,UETU5614301
UETU,UETU2595743
UETU,UETU2063680
UETU,UETU2060124
UETU,UETU2719119
WFHU,WFHU1177392
XINU,XINU1029988
XINU,XINU1581488
XINU,XINU1376333
XINU,XINU1272679
XINU,XINU1619480
